id,department,category,period_start,period_end,allocated_amount,spent_amount,created_at
1,Engineering,IT Infrastructure,2024-01-01,2024-01-31,15993.16,0.0,2025-07-09 11:11:54
2,Engineering,Equipment,2024-01-01,2024-01-31,8528.81,0.0,2025-07-09 11:11:54
3,Engineering,Training,2024-01-01,2024-01-31,5292.42,0.0,2025-07-09 11:11:54
4,Engineering,Personnel,2024-01-01,2024-01-31,47473.16,0.0,2025-07-09 11:11:54
5,Engineering,Other,2024-01-01,2024-01-31,2018.29,0.0,2025-07-09 11:11:54
6,Marketing,Marketing,2024-01-01,2024-01-31,23566.17,0.0,2025-07-09 11:11:54
7,Marketing,Travel,2024-01-01,2024-01-31,7756.84,0.0,2025-07-09 11:11:54
8,Marketing,Equipment,2024-01-01,2024-01-31,2881.27,0.0,2025-07-09 11:11:54
9,Marketing,Training,2024-01-01,2024-01-31,2743.89,0.0,2025-07-09 11:11:54
10,Marketing,Other,2024-01-01,2024-01-31,1061.52,0.0,2025-07-09 11:11:54
11,Sales,Travel,2024-01-01,2024-01-31,10953.02,0.0,2025-07-09 11:11:54
12,Sales,Marketing,2024-01-01,2024-01-31,4716.7,0.0,2025-07-09 11:11:54
13,Sales,Equipment,2024-01-01,2024-01-31,4282.52,0.0,2025-07-09 11:11:54
14,Sales,Training,2024-01-01,2024-01-31,3808.64,0.0,2025-07-09 11:11:54
15,Sales,Personnel,2024-01-01,2024-01-31,36666.12,0.0,2025-07-09 11:11:54
16,Sales,Other,2024-01-01,2024-01-31,1852.01,0.0,2025-07-09 11:11:54
17,HR,Personnel,2024-01-01,2024-01-31,19491.74,0.0,2025-07-09 11:11:54
18,HR,Training,2024-01-01,2024-01-31,5674.6,0.0,2025-07-09 11:11:54
19,HR,Professional Services,2024-01-01,2024-01-31,3995.1,0.0,2025-07-09 11:11:54
20,HR,Office Supplies,2024-01-01,2024-01-31,1918.82,0.0,2025-07-09 11:11:54
21,HR,Other,2024-01-01,2024-01-31,1068.74,0.0,2025-07-09 11:11:54
22,Finance,Professional Services,2024-01-01,2024-01-31,8346.3,0.0,2025-07-09 11:11:54
23,Finance,IT Infrastructure,2024-01-01,2024-01-31,2875.27,0.0,2025-07-09 11:11:54
24,Finance,Equipment,2024-01-01,2024-01-31,2085.8,0.0,2025-07-09 11:11:54
25,Finance,Training,2024-01-01,2024-01-31,1839.49,0.0,2025-07-09 11:11:54
26,Finance,Personnel,2024-01-01,2024-01-31,25393.18,0.0,2025-07-09 11:11:54
27,Operations,Utilities,2024-01-01,2024-01-31,4750.01,0.0,2025-07-09 11:11:54
28,Operations,Office Supplies,2024-01-01,2024-01-31,3825.42,0.0,2025-07-09 11:11:54
29,Operations,Equipment,2024-01-01,2024-01-31,5580.55,0.0,2025-07-09 11:11:54
30,Operations,Professional Services,2024-01-01,2024-01-31,2787.53,0.0,2025-07-09 11:11:54
31,Operations,Personnel,2024-01-01,2024-01-31,20898.7,0.0,2025-07-09 11:11:54
32,Operations,Other,2024-01-01,2024-01-31,1942.73,0.0,2025-07-09 11:11:54
33,Executive,Travel,2024-01-01,2024-01-31,8464.02,0.0,2025-07-09 11:11:54
34,Executive,Professional Services,2024-01-01,2024-01-31,10614.97,0.0,2025-07-09 11:11:54
35,Executive,Equipment,2024-01-01,2024-01-31,2975.54,0.0,2025-07-09 11:11:54
36,Executive,Other,2024-01-01,2024-01-31,5223.36,0.0,2025-07-09 11:11:54
37,Engineering,IT Infrastructure,2024-02-01,2024-02-29,13615.91,0.0,2025-07-09 11:11:54
38,Engineering,Equipment,2024-02-01,2024-02-29,8316.12,0.0,2025-07-09 11:11:54
39,Engineering,Training,2024-02-01,2024-02-29,5407.99,0.0,2025-07-09 11:11:54
40,Engineering,Personnel,2024-02-01,2024-02-29,43648.15,0.0,2025-07-09 11:11:54
41,Engineering,Other,2024-02-01,2024-02-29,1865.14,0.0,2025-07-09 11:11:54
42,Marketing,Marketing,2024-02-01,2024-02-29,26649.11,0.0,2025-07-09 11:11:54
43,Marketing,Travel,2024-02-01,2024-02-29,7782.19,0.0,2025-07-09 11:11:54
44,Marketing,Equipment,2024-02-01,2024-02-29,3214.94,0.0,2025-07-09 11:11:54
45,Marketing,Training,2024-02-01,2024-02-29,3004.02,0.0,2025-07-09 11:11:54
46,Marketing,Other,2024-02-01,2024-02-29,961.14,0.0,2025-07-09 11:11:54
47,Sales,Travel,2024-02-01,2024-02-29,12578.07,0.0,2025-07-09 11:11:54
48,Sales,Marketing,2024-02-01,2024-02-29,4832.43,0.0,2025-07-09 11:11:54
49,Sales,Equipment,2024-02-01,2024-02-29,4342.74,0.0,2025-07-09 11:11:54
50,Sales,Training,2024-02-01,2024-02-29,3881.28,0.0,2025-07-09 11:11:54
51,Sales,Personnel,2024-02-01,2024-02-29,36770.93,0.0,2025-07-09 11:11:54
52,Sales,Other,2024-02-01,2024-02-29,2098.88,0.0,2025-07-09 11:11:54
53,HR,Personnel,2024-02-01,2024-02-29,20191.65,0.0,2025-07-09 11:11:54
54,HR,Training,2024-02-01,2024-02-29,5609.73,0.0,2025-07-09 11:11:54
55,HR,Professional Services,2024-02-01,2024-02-29,3955.03,0.0,2025-07-09 11:11:54
56,HR,Office Supplies,2024-02-01,2024-02-29,2147.41,0.0,2025-07-09 11:11:54
57,HR,Other,2024-02-01,2024-02-29,944.14,0.0,2025-07-09 11:11:54
58,Finance,Professional Services,2024-02-01,2024-02-29,8529.69,0.0,2025-07-09 11:11:54
59,Finance,IT Infrastructure,2024-02-01,2024-02-29,3266.1,0.0,2025-07-09 11:11:54
60,Finance,Equipment,2024-02-01,2024-02-29,2148.71,0.0,2025-07-09 11:11:54
61,Finance,Training,2024-02-01,2024-02-29,1811.54,0.0,2025-07-09 11:11:54
62,Finance,Personnel,2024-02-01,2024-02-29,24714.79,0.0,2025-07-09 11:11:54
63,Operations,Utilities,2024-02-01,2024-02-29,5460.5,0.0,2025-07-09 11:11:54
64,Operations,Office Supplies,2024-02-01,2024-02-29,3682.11,0.0,2025-07-09 11:11:54
65,Operations,Equipment,2024-02-01,2024-02-29,5839.05,0.0,2025-07-09 11:11:54
66,Operations,Professional Services,2024-02-01,2024-02-29,2891.01,0.0,2025-07-09 11:11:54
67,Operations,Personnel,2024-02-01,2024-02-29,21992.26,0.0,2025-07-09 11:11:54
68,Operations,Other,2024-02-01,2024-02-29,2097.37,0.0,2025-07-09 11:11:54
69,Executive,Travel,2024-02-01,2024-02-29,8237.56,0.0,2025-07-09 11:11:54
70,Executive,Professional Services,2024-02-01,2024-02-29,10694.67,0.0,2025-07-09 11:11:54
71,Executive,Equipment,2024-02-01,2024-02-29,3027.58,0.0,2025-07-09 11:11:54
72,Executive,Other,2024-02-01,2024-02-29,4662.71,0.0,2025-07-09 11:11:54
73,Engineering,IT Infrastructure,2024-03-01,2024-03-31,13828.33,0.0,2025-07-09 11:11:54
74,Engineering,Equipment,2024-03-01,2024-03-31,8644.42,0.0,2025-07-09 11:11:54
75,Engineering,Training,2024-03-01,2024-03-31,5322.37,0.0,2025-07-09 11:11:54
76,Engineering,Personnel,2024-03-01,2024-03-31,46436.9,0.0,2025-07-09 11:11:54
77,Engineering,Other,2024-03-01,2024-03-31,2154.76,0.0,2025-07-09 11:11:54
78,Marketing,Marketing,2024-03-01,2024-03-31,22968.61,0.0,2025-07-09 11:11:54
79,Marketing,Travel,2024-03-01,2024-03-31,7407.26,0.0,2025-07-09 11:11:54
80,Marketing,Equipment,2024-03-01,2024-03-31,2700.49,0.0,2025-07-09 11:11:54
81,Marketing,Training,2024-03-01,2024-03-31,3218.38,0.0,2025-07-09 11:11:54
82,Marketing,Other,2024-03-01,2024-03-31,939.36,0.0,2025-07-09 11:11:54
83,Sales,Travel,2024-03-01,2024-03-31,11438.59,0.0,2025-07-09 11:11:54
84,Sales,Marketing,2024-03-01,2024-03-31,4655.7,0.0,2025-07-09 11:11:54
85,Sales,Equipment,2024-03-01,2024-03-31,3729.0,0.0,2025-07-09 11:11:54
86,Sales,Training,2024-03-01,2024-03-31,3607.41,0.0,2025-07-09 11:11:54
87,Sales,Personnel,2024-03-01,2024-03-31,38018.56,0.0,2025-07-09 11:11:54
88,Sales,Other,2024-03-01,2024-03-31,2115.5,0.0,2025-07-09 11:11:54
89,HR,Personnel,2024-03-01,2024-03-31,21171.16,0.0,2025-07-09 11:11:54
90,HR,Training,2024-03-01,2024-03-31,6482.74,0.0,2025-07-09 11:11:54
91,HR,Professional Services,2024-03-01,2024-03-31,4121.25,0.0,2025-07-09 11:11:54
92,HR,Office Supplies,2024-03-01,2024-03-31,2007.68,0.0,2025-07-09 11:11:54
93,HR,Other,2024-03-01,2024-03-31,925.54,0.0,2025-07-09 11:11:54
94,Finance,Professional Services,2024-03-01,2024-03-31,7519.24,0.0,2025-07-09 11:11:54
95,Finance,IT Infrastructure,2024-03-01,2024-03-31,3154.3,0.0,2025-07-09 11:11:54
96,Finance,Equipment,2024-03-01,2024-03-31,1874.29,0.0,2025-07-09 11:11:54
97,Finance,Training,2024-03-01,2024-03-31,2116.28,0.0,2025-07-09 11:11:54
98,Finance,Personnel,2024-03-01,2024-03-31,27464.03,0.0,2025-07-09 11:11:54
99,Operations,Utilities,2024-03-01,2024-03-31,5409.72,0.0,2025-07-09 11:11:54
100,Operations,Office Supplies,2024-03-01,2024-03-31,3931.12,0.0,2025-07-09 11:11:54
101,Operations,Equipment,2024-03-01,2024-03-31,5945.51,0.0,2025-07-09 11:11:54
102,Operations,Professional Services,2024-03-01,2024-03-31,3209.46,0.0,2025-07-09 11:11:54
103,Operations,Personnel,2024-03-01,2024-03-31,19505.74,0.0,2025-07-09 11:11:54
104,Operations,Other,2024-03-01,2024-03-31,1984.83,0.0,2025-07-09 11:11:54
105,Executive,Travel,2024-03-01,2024-03-31,8741.39,0.0,2025-07-09 11:11:54
106,Executive,Professional Services,2024-03-01,2024-03-31,9949.68,0.0,2025-07-09 11:11:54
107,Executive,Equipment,2024-03-01,2024-03-31,3094.55,0.0,2025-07-09 11:11:54
108,Executive,Other,2024-03-01,2024-03-31,4759.8,0.0,2025-07-09 11:11:54
109,Engineering,IT Infrastructure,2024-04-01,2024-04-30,15914.91,0.0,2025-07-09 11:11:54
110,Engineering,Equipment,2024-04-01,2024-04-30,7735.7,0.0,2025-07-09 11:11:54
111,Engineering,Training,2024-04-01,2024-04-30,5431.53,0.0,2025-07-09 11:11:54
112,Engineering,Personnel,2024-04-01,2024-04-30,43406.58,0.0,2025-07-09 11:11:54
113,Engineering,Other,2024-04-01,2024-04-30,2023.16,0.0,2025-07-09 11:11:54
114,Marketing,Marketing,2024-04-01,2024-04-30,25929.58,0.0,2025-07-09 11:11:54
115,Marketing,Travel,2024-04-01,2024-04-30,7601.26,0.0,2025-07-09 11:11:54
116,Marketing,Equipment,2024-04-01,2024-04-30,3253.21,0.0,2025-07-09 11:11:54
117,Marketing,Training,2024-04-01,2024-04-30,3029.5,0.0,2025-07-09 11:11:54
118,Marketing,Other,2024-04-01,2024-04-30,1024.35,0.0,2025-07-09 11:11:54
119,Sales,Travel,2024-04-01,2024-04-30,11857.13,0.0,2025-07-09 11:11:54
120,Sales,Marketing,2024-04-01,2024-04-30,4761.56,0.0,2025-07-09 11:11:54
121,Sales,Equipment,2024-04-01,2024-04-30,4133.65,0.0,2025-07-09 11:11:54
122,Sales,Training,2024-04-01,2024-04-30,3785.67,0.0,2025-07-09 11:11:54
123,Sales,Personnel,2024-04-01,2024-04-30,34066.3,0.0,2025-07-09 11:11:54
124,Sales,Other,2024-04-01,2024-04-30,2097.77,0.0,2025-07-09 11:11:54
125,HR,Personnel,2024-04-01,2024-04-30,18872.84,0.0,2025-07-09 11:11:54
126,HR,Training,2024-04-01,2024-04-30,6322.88,0.0,2025-07-09 11:11:54
127,HR,Professional Services,2024-04-01,2024-04-30,3868.92,0.0,2025-07-09 11:11:54
128,HR,Office Supplies,2024-04-01,2024-04-30,1813.94,0.0,2025-07-09 11:11:54
129,HR,Other,2024-04-01,2024-04-30,1044.3,0.0,2025-07-09 11:11:54
130,Finance,Professional Services,2024-04-01,2024-04-30,8688.07,0.0,2025-07-09 11:11:54
131,Finance,IT Infrastructure,2024-04-01,2024-04-30,3269.85,0.0,2025-07-09 11:11:54
132,Finance,Equipment,2024-04-01,2024-04-30,2166.01,0.0,2025-07-09 11:11:54
133,Finance,Training,2024-04-01,2024-04-30,2121.65,0.0,2025-07-09 11:11:54
134,Finance,Personnel,2024-04-01,2024-04-30,22973.63,0.0,2025-07-09 11:11:54
135,Operations,Utilities,2024-04-01,2024-04-30,5095.57,0.0,2025-07-09 11:11:54
136,Operations,Office Supplies,2024-04-01,2024-04-30,3926.85,0.0,2025-07-09 11:11:54
137,Operations,Equipment,2024-04-01,2024-04-30,5644.77,0.0,2025-07-09 11:11:54
138,Operations,Professional Services,2024-04-01,2024-04-30,2974.84,0.0,2025-07-09 11:11:54
139,Operations,Personnel,2024-04-01,2024-04-30,18790.65,0.0,2025-07-09 11:11:54
140,Operations,Other,2024-04-01,2024-04-30,1806.24,0.0,2025-07-09 11:11:54
141,Executive,Travel,2024-04-01,2024-04-30,8260.5,0.0,2025-07-09 11:11:54
142,Executive,Professional Services,2024-04-01,2024-04-30,9674.85,0.0,2025-07-09 11:11:54
143,Executive,Equipment,2024-04-01,2024-04-30,2941.82,0.0,2025-07-09 11:11:54
144,Executive,Other,2024-04-01,2024-04-30,4805.24,0.0,2025-07-09 11:11:54
145,Engineering,IT Infrastructure,2024-05-01,2024-05-31,13573.69,0.0,2025-07-09 11:11:54
146,Engineering,Equipment,2024-05-01,2024-05-31,8587.56,0.0,2025-07-09 11:11:54
147,Engineering,Training,2024-05-01,2024-05-31,4928.55,0.0,2025-07-09 11:11:54
148,Engineering,Personnel,2024-05-01,2024-05-31,41993.81,0.0,2025-07-09 11:11:54
149,Engineering,Other,2024-05-01,2024-05-31,2179.75,0.0,2025-07-09 11:11:54
150,Marketing,Marketing,2024-05-01,2024-05-31,23431.67,0.0,2025-07-09 11:11:54
151,Marketing,Travel,2024-05-01,2024-05-31,8387.65,0.0,2025-07-09 11:11:54
152,Marketing,Equipment,2024-05-01,2024-05-31,2909.77,0.0,2025-07-09 11:11:54
153,Marketing,Training,2024-05-01,2024-05-31,3247.39,0.0,2025-07-09 11:11:54
154,Marketing,Other,2024-05-01,2024-05-31,1069.22,0.0,2025-07-09 11:11:54
155,Sales,Travel,2024-05-01,2024-05-31,11278.08,0.0,2025-07-09 11:11:54
156,Sales,Marketing,2024-05-01,2024-05-31,4728.12,0.0,2025-07-09 11:11:54
157,Sales,Equipment,2024-05-01,2024-05-31,4042.96,0.0,2025-07-09 11:11:54
158,Sales,Training,2024-05-01,2024-05-31,3760.7,0.0,2025-07-09 11:11:54
159,Sales,Personnel,2024-05-01,2024-05-31,34588.61,0.0,2025-07-09 11:11:54
160,Sales,Other,2024-05-01,2024-05-31,2148.63,0.0,2025-07-09 11:11:54
161,HR,Personnel,2024-05-01,2024-05-31,20512.8,0.0,2025-07-09 11:11:54
162,HR,Training,2024-05-01,2024-05-31,5647.95,0.0,2025-07-09 11:11:54
163,HR,Professional Services,2024-05-01,2024-05-31,4387.73,0.0,2025-07-09 11:11:54
164,HR,Office Supplies,2024-05-01,2024-05-31,2052.73,0.0,2025-07-09 11:11:54
165,HR,Other,2024-05-01,2024-05-31,1014.98,0.0,2025-07-09 11:11:54
166,Finance,Professional Services,2024-05-01,2024-05-31,8121.45,0.0,2025-07-09 11:11:54
167,Finance,IT Infrastructure,2024-05-01,2024-05-31,2896.58,0.0,2025-07-09 11:11:54
168,Finance,Equipment,2024-05-01,2024-05-31,1986.26,0.0,2025-07-09 11:11:54
169,Finance,Training,2024-05-01,2024-05-31,2045.14,0.0,2025-07-09 11:11:54
170,Finance,Personnel,2024-05-01,2024-05-31,27199.26,0.0,2025-07-09 11:11:54
171,Operations,Utilities,2024-05-01,2024-05-31,4775.01,0.0,2025-07-09 11:11:54
172,Operations,Office Supplies,2024-05-01,2024-05-31,3868.21,0.0,2025-07-09 11:11:54
173,Operations,Equipment,2024-05-01,2024-05-31,6090.48,0.0,2025-07-09 11:11:54
174,Operations,Professional Services,2024-05-01,2024-05-31,3173.4,0.0,2025-07-09 11:11:54
175,Operations,Personnel,2024-05-01,2024-05-31,19743.93,0.0,2025-07-09 11:11:54
176,Operations,Other,2024-05-01,2024-05-31,2048.39,0.0,2025-07-09 11:11:54
177,Executive,Travel,2024-05-01,2024-05-31,7602.81,0.0,2025-07-09 11:11:54
178,Executive,Professional Services,2024-05-01,2024-05-31,10581.42,0.0,2025-07-09 11:11:54
179,Executive,Equipment,2024-05-01,2024-05-31,3226.65,0.0,2025-07-09 11:11:54
180,Executive,Other,2024-05-01,2024-05-31,5490.4,0.0,2025-07-09 11:11:54
181,Engineering,IT Infrastructure,2024-06-01,2024-06-30,15205.07,0.0,2025-07-09 11:11:54
182,Engineering,Equipment,2024-06-01,2024-06-30,8253.26,0.0,2025-07-09 11:11:54
183,Engineering,Training,2024-06-01,2024-06-30,5481.14,0.0,2025-07-09 11:11:54
184,Engineering,Personnel,2024-06-01,2024-06-30,43437.69,0.0,2025-07-09 11:11:54
185,Engineering,Other,2024-06-01,2024-06-30,1876.72,0.0,2025-07-09 11:11:54
186,Marketing,Marketing,2024-06-01,2024-06-30,26905.48,0.0,2025-07-09 11:11:54
187,Marketing,Travel,2024-06-01,2024-06-30,8011.63,0.0,2025-07-09 11:11:54
188,Marketing,Equipment,2024-06-01,2024-06-30,2895.34,0.0,2025-07-09 11:11:54
189,Marketing,Training,2024-06-01,2024-06-30,3060.91,0.0,2025-07-09 11:11:54
190,Marketing,Other,2024-06-01,2024-06-30,1094.0,0.0,2025-07-09 11:11:54
191,Sales,Travel,2024-06-01,2024-06-30,11786.05,0.0,2025-07-09 11:11:54
192,Sales,Marketing,2024-06-01,2024-06-30,5383.83,0.0,2025-07-09 11:11:54
193,Sales,Equipment,2024-06-01,2024-06-30,3892.31,0.0,2025-07-09 11:11:54
194,Sales,Training,2024-06-01,2024-06-30,3706.82,0.0,2025-07-09 11:11:54
195,Sales,Personnel,2024-06-01,2024-06-30,31978.8,0.0,2025-07-09 11:11:54
196,Sales,Other,2024-06-01,2024-06-30,2061.57,0.0,2025-07-09 11:11:54
197,HR,Personnel,2024-06-01,2024-06-30,21090.18,0.0,2025-07-09 11:11:54
198,HR,Training,2024-06-01,2024-06-30,5955.3,0.0,2025-07-09 11:11:54
199,HR,Professional Services,2024-06-01,2024-06-30,3785.68,0.0,2025-07-09 11:11:54
200,HR,Office Supplies,2024-06-01,2024-06-30,2086.2,0.0,2025-07-09 11:11:54
201,HR,Other,2024-06-01,2024-06-30,997.21,0.0,2025-07-09 11:11:54
202,Finance,Professional Services,2024-06-01,2024-06-30,8683.11,0.0,2025-07-09 11:11:54
203,Finance,IT Infrastructure,2024-06-01,2024-06-30,3007.01,0.0,2025-07-09 11:11:54
204,Finance,Equipment,2024-06-01,2024-06-30,1864.16,0.0,2025-07-09 11:11:54
205,Finance,Training,2024-06-01,2024-06-30,1869.5,0.0,2025-07-09 11:11:54
206,Finance,Personnel,2024-06-01,2024-06-30,25421.06,0.0,2025-07-09 11:11:54
207,Operations,Utilities,2024-06-01,2024-06-30,5011.68,0.0,2025-07-09 11:11:54
208,Operations,Office Supplies,2024-06-01,2024-06-30,3811.54,0.0,2025-07-09 11:11:54
209,Operations,Equipment,2024-06-01,2024-06-30,6394.25,0.0,2025-07-09 11:11:54
210,Operations,Professional Services,2024-06-01,2024-06-30,3032.52,0.0,2025-07-09 11:11:54
211,Operations,Personnel,2024-06-01,2024-06-30,21259.65,0.0,2025-07-09 11:11:54
212,Operations,Other,2024-06-01,2024-06-30,2114.18,0.0,2025-07-09 11:11:54
213,Executive,Travel,2024-06-01,2024-06-30,8102.11,0.0,2025-07-09 11:11:54
214,Executive,Professional Services,2024-06-01,2024-06-30,10530.26,0.0,2025-07-09 11:11:54
215,Executive,Equipment,2024-06-01,2024-06-30,2867.39,0.0,2025-07-09 11:11:54
216,Executive,Other,2024-06-01,2024-06-30,5370.3,0.0,2025-07-09 11:11:54
217,Engineering,IT Infrastructure,2024-07-01,2024-07-31,14774.84,0.0,2025-07-09 11:11:54
218,Engineering,Equipment,2024-07-01,2024-07-31,7231.88,0.0,2025-07-09 11:11:54
219,Engineering,Training,2024-07-01,2024-07-31,5192.82,0.0,2025-07-09 11:11:54
220,Engineering,Personnel,2024-07-01,2024-07-31,40820.63,0.0,2025-07-09 11:11:54
221,Engineering,Other,2024-07-01,2024-07-31,2130.43,0.0,2025-07-09 11:11:54
222,Marketing,Marketing,2024-07-01,2024-07-31,24817.68,0.0,2025-07-09 11:11:54
223,Marketing,Travel,2024-07-01,2024-07-31,7900.18,0.0,2025-07-09 11:11:54
224,Marketing,Equipment,2024-07-01,2024-07-31,3183.06,0.0,2025-07-09 11:11:54
225,Marketing,Training,2024-07-01,2024-07-31,2770.2,0.0,2025-07-09 11:11:54
226,Marketing,Other,2024-07-01,2024-07-31,945.8,0.0,2025-07-09 11:11:54
227,Sales,Travel,2024-07-01,2024-07-31,11882.66,0.0,2025-07-09 11:11:54
228,Sales,Marketing,2024-07-01,2024-07-31,5318.01,0.0,2025-07-09 11:11:54
229,Sales,Equipment,2024-07-01,2024-07-31,3663.28,0.0,2025-07-09 11:11:54
230,Sales,Training,2024-07-01,2024-07-31,4114.14,0.0,2025-07-09 11:11:54
231,Sales,Personnel,2024-07-01,2024-07-31,37876.34,0.0,2025-07-09 11:11:54
232,Sales,Other,2024-07-01,2024-07-31,1812.25,0.0,2025-07-09 11:11:54
233,HR,Personnel,2024-07-01,2024-07-31,21054.35,0.0,2025-07-09 11:11:54
234,HR,Training,2024-07-01,2024-07-31,6190.16,0.0,2025-07-09 11:11:54
235,HR,Professional Services,2024-07-01,2024-07-31,3745.1,0.0,2025-07-09 11:11:54
236,HR,Office Supplies,2024-07-01,2024-07-31,2180.0,0.0,2025-07-09 11:11:54
237,HR,Other,2024-07-01,2024-07-31,1093.35,0.0,2025-07-09 11:11:54
238,Finance,Professional Services,2024-07-01,2024-07-31,7888.1,0.0,2025-07-09 11:11:54
239,Finance,IT Infrastructure,2024-07-01,2024-07-31,3269.51,0.0,2025-07-09 11:11:54
240,Finance,Equipment,2024-07-01,2024-07-31,1962.29,0.0,2025-07-09 11:11:54
241,Finance,Training,2024-07-01,2024-07-31,1813.13,0.0,2025-07-09 11:11:54
242,Finance,Personnel,2024-07-01,2024-07-31,27313.4,0.0,2025-07-09 11:11:54
243,Operations,Utilities,2024-07-01,2024-07-31,5385.15,0.0,2025-07-09 11:11:54
244,Operations,Office Supplies,2024-07-01,2024-07-31,3871.28,0.0,2025-07-09 11:11:54
245,Operations,Equipment,2024-07-01,2024-07-31,5667.98,0.0,2025-07-09 11:11:54
246,Operations,Professional Services,2024-07-01,2024-07-31,2912.74,0.0,2025-07-09 11:11:54
247,Operations,Personnel,2024-07-01,2024-07-31,20111.52,0.0,2025-07-09 11:11:54
248,Operations,Other,2024-07-01,2024-07-31,2050.92,0.0,2025-07-09 11:11:54
249,Executive,Travel,2024-07-01,2024-07-31,8540.91,0.0,2025-07-09 11:11:54
250,Executive,Professional Services,2024-07-01,2024-07-31,10470.51,0.0,2025-07-09 11:11:54
251,Executive,Equipment,2024-07-01,2024-07-31,2725.58,0.0,2025-07-09 11:11:54
252,Executive,Other,2024-07-01,2024-07-31,5088.4,0.0,2025-07-09 11:11:54
253,Engineering,IT Infrastructure,2024-08-01,2024-08-31,15696.88,0.0,2025-07-09 11:11:54
254,Engineering,Equipment,2024-08-01,2024-08-31,8444.7,0.0,2025-07-09 11:11:54
255,Engineering,Training,2024-08-01,2024-08-31,5202.29,0.0,2025-07-09 11:11:54
256,Engineering,Personnel,2024-08-01,2024-08-31,47779.08,0.0,2025-07-09 11:11:54
257,Engineering,Other,2024-08-01,2024-08-31,1855.14,0.0,2025-07-09 11:11:54
258,Marketing,Marketing,2024-08-01,2024-08-31,26683.53,0.0,2025-07-09 11:11:54
259,Marketing,Travel,2024-08-01,2024-08-31,8535.43,0.0,2025-07-09 11:11:54
260,Marketing,Equipment,2024-08-01,2024-08-31,2819.43,0.0,2025-07-09 11:11:54
261,Marketing,Training,2024-08-01,2024-08-31,3017.09,0.0,2025-07-09 11:11:54
262,Marketing,Other,2024-08-01,2024-08-31,950.52,0.0,2025-07-09 11:11:54
263,Sales,Travel,2024-08-01,2024-08-31,11506.44,0.0,2025-07-09 11:11:54
264,Sales,Marketing,2024-08-01,2024-08-31,5239.34,0.0,2025-07-09 11:11:54
265,Sales,Equipment,2024-08-01,2024-08-31,3734.63,0.0,2025-07-09 11:11:54
266,Sales,Training,2024-08-01,2024-08-31,3887.89,0.0,2025-07-09 11:11:54
267,Sales,Personnel,2024-08-01,2024-08-31,36457.13,0.0,2025-07-09 11:11:54
268,Sales,Other,2024-08-01,2024-08-31,2077.93,0.0,2025-07-09 11:11:54
269,HR,Personnel,2024-08-01,2024-08-31,21952.04,0.0,2025-07-09 11:11:54
270,HR,Training,2024-08-01,2024-08-31,5843.77,0.0,2025-07-09 11:11:54
271,HR,Professional Services,2024-08-01,2024-08-31,3825.07,0.0,2025-07-09 11:11:54
272,HR,Office Supplies,2024-08-01,2024-08-31,1900.93,0.0,2025-07-09 11:11:54
273,HR,Other,2024-08-01,2024-08-31,957.67,0.0,2025-07-09 11:11:54
274,Finance,Professional Services,2024-08-01,2024-08-31,7597.92,0.0,2025-07-09 11:11:54
275,Finance,IT Infrastructure,2024-08-01,2024-08-31,2704.54,0.0,2025-07-09 11:11:54
276,Finance,Equipment,2024-08-01,2024-08-31,1817.13,0.0,2025-07-09 11:11:54
277,Finance,Training,2024-08-01,2024-08-31,1964.87,0.0,2025-07-09 11:11:54
278,Finance,Personnel,2024-08-01,2024-08-31,26688.46,0.0,2025-07-09 11:11:54
279,Operations,Utilities,2024-08-01,2024-08-31,5232.57,0.0,2025-07-09 11:11:54
280,Operations,Office Supplies,2024-08-01,2024-08-31,4036.16,0.0,2025-07-09 11:11:54
281,Operations,Equipment,2024-08-01,2024-08-31,5876.36,0.0,2025-07-09 11:11:54
282,Operations,Professional Services,2024-08-01,2024-08-31,3204.25,0.0,2025-07-09 11:11:54
283,Operations,Personnel,2024-08-01,2024-08-31,21489.37,0.0,2025-07-09 11:11:54
284,Operations,Other,2024-08-01,2024-08-31,1958.75,0.0,2025-07-09 11:11:54
285,Executive,Travel,2024-08-01,2024-08-31,8645.64,0.0,2025-07-09 11:11:54
286,Executive,Professional Services,2024-08-01,2024-08-31,9543.51,0.0,2025-07-09 11:11:54
287,Executive,Equipment,2024-08-01,2024-08-31,3267.17,0.0,2025-07-09 11:11:54
288,Executive,Other,2024-08-01,2024-08-31,5170.69,0.0,2025-07-09 11:11:54
289,Engineering,IT Infrastructure,2024-09-01,2024-09-30,16392.32,0.0,2025-07-09 11:11:54
290,Engineering,Equipment,2024-09-01,2024-09-30,7706.74,0.0,2025-07-09 11:11:54
291,Engineering,Training,2024-09-01,2024-09-30,4717.01,0.0,2025-07-09 11:11:54
292,Engineering,Personnel,2024-09-01,2024-09-30,48117.12,0.0,2025-07-09 11:11:54
293,Engineering,Other,2024-09-01,2024-09-30,2110.95,0.0,2025-07-09 11:11:54
294,Marketing,Marketing,2024-09-01,2024-09-30,24787.88,0.0,2025-07-09 11:11:54
295,Marketing,Travel,2024-09-01,2024-09-30,8180.16,0.0,2025-07-09 11:11:54
296,Marketing,Equipment,2024-09-01,2024-09-30,2899.55,0.0,2025-07-09 11:11:54
297,Marketing,Training,2024-09-01,2024-09-30,2911.39,0.0,2025-07-09 11:11:54
298,Marketing,Other,2024-09-01,2024-09-30,1076.05,0.0,2025-07-09 11:11:54
299,Sales,Travel,2024-09-01,2024-09-30,12392.92,0.0,2025-07-09 11:11:54
300,Sales,Marketing,2024-09-01,2024-09-30,4948.49,0.0,2025-07-09 11:11:54
301,Sales,Equipment,2024-09-01,2024-09-30,3756.73,0.0,2025-07-09 11:11:54
302,Sales,Training,2024-09-01,2024-09-30,4102.75,0.0,2025-07-09 11:11:54
303,Sales,Personnel,2024-09-01,2024-09-30,36484.74,0.0,2025-07-09 11:11:54
304,Sales,Other,2024-09-01,2024-09-30,2032.9,0.0,2025-07-09 11:11:54
305,HR,Personnel,2024-09-01,2024-09-30,21198.58,0.0,2025-07-09 11:11:54
306,HR,Training,2024-09-01,2024-09-30,5948.92,0.0,2025-07-09 11:11:54
307,HR,Professional Services,2024-09-01,2024-09-30,4190.34,0.0,2025-07-09 11:11:54
308,HR,Office Supplies,2024-09-01,2024-09-30,1922.0,0.0,2025-07-09 11:11:54
309,HR,Other,2024-09-01,2024-09-30,1026.1,0.0,2025-07-09 11:11:54
310,Finance,Professional Services,2024-09-01,2024-09-30,8645.64,0.0,2025-07-09 11:11:54
311,Finance,IT Infrastructure,2024-09-01,2024-09-30,3121.59,0.0,2025-07-09 11:11:54
312,Finance,Equipment,2024-09-01,2024-09-30,1890.38,0.0,2025-07-09 11:11:54
313,Finance,Training,2024-09-01,2024-09-30,2197.19,0.0,2025-07-09 11:11:54
314,Finance,Personnel,2024-09-01,2024-09-30,24324.22,0.0,2025-07-09 11:11:54
315,Operations,Utilities,2024-09-01,2024-09-30,4869.88,0.0,2025-07-09 11:11:54
316,Operations,Office Supplies,2024-09-01,2024-09-30,4005.64,0.0,2025-07-09 11:11:54
317,Operations,Equipment,2024-09-01,2024-09-30,6314.52,0.0,2025-07-09 11:11:54
318,Operations,Professional Services,2024-09-01,2024-09-30,2775.74,0.0,2025-07-09 11:11:54
319,Operations,Personnel,2024-09-01,2024-09-30,21244.75,0.0,2025-07-09 11:11:54
320,Operations,Other,2024-09-01,2024-09-30,2064.21,0.0,2025-07-09 11:11:54
321,Executive,Travel,2024-09-01,2024-09-30,7970.0,0.0,2025-07-09 11:11:54
322,Executive,Professional Services,2024-09-01,2024-09-30,9102.3,0.0,2025-07-09 11:11:54
323,Executive,Equipment,2024-09-01,2024-09-30,3279.56,0.0,2025-07-09 11:11:54
324,Executive,Other,2024-09-01,2024-09-30,4997.59,0.0,2025-07-09 11:11:54
325,Engineering,IT Infrastructure,2024-10-01,2024-10-31,15465.84,0.0,2025-07-09 11:11:54
326,Engineering,Equipment,2024-10-01,2024-10-31,7929.61,0.0,2025-07-09 11:11:54
327,Engineering,Training,2024-10-01,2024-10-31,5495.06,0.0,2025-07-09 11:11:54
328,Engineering,Personnel,2024-10-01,2024-10-31,46976.87,0.0,2025-07-09 11:11:54
329,Engineering,Other,2024-10-01,2024-10-31,2079.71,0.0,2025-07-09 11:11:54
330,Marketing,Marketing,2024-10-01,2024-10-31,22738.79,0.0,2025-07-09 11:11:54
331,Marketing,Travel,2024-10-01,2024-10-31,8455.25,0.0,2025-07-09 11:11:54
332,Marketing,Equipment,2024-10-01,2024-10-31,2708.39,0.0,2025-07-09 11:11:54
333,Marketing,Training,2024-10-01,2024-10-31,2758.04,0.0,2025-07-09 11:11:54
334,Marketing,Other,2024-10-01,2024-10-31,905.41,0.0,2025-07-09 11:11:54
335,Sales,Travel,2024-10-01,2024-10-31,12977.76,0.0,2025-07-09 11:11:54
336,Sales,Marketing,2024-10-01,2024-10-31,4811.59,0.0,2025-07-09 11:11:54
337,Sales,Equipment,2024-10-01,2024-10-31,3746.59,0.0,2025-07-09 11:11:54
338,Sales,Training,2024-10-01,2024-10-31,4015.43,0.0,2025-07-09 11:11:54
339,Sales,Personnel,2024-10-01,2024-10-31,37671.57,0.0,2025-07-09 11:11:54
340,Sales,Other,2024-10-01,2024-10-31,1866.75,0.0,2025-07-09 11:11:54
341,HR,Personnel,2024-10-01,2024-10-31,20427.55,0.0,2025-07-09 11:11:54
342,HR,Training,2024-10-01,2024-10-31,6552.48,0.0,2025-07-09 11:11:54
343,HR,Professional Services,2024-10-01,2024-10-31,3646.04,0.0,2025-07-09 11:11:54
344,HR,Office Supplies,2024-10-01,2024-10-31,1808.62,0.0,2025-07-09 11:11:54
345,HR,Other,2024-10-01,2024-10-31,1030.08,0.0,2025-07-09 11:11:54
346,Finance,Professional Services,2024-10-01,2024-10-31,7717.96,0.0,2025-07-09 11:11:54
347,Finance,IT Infrastructure,2024-10-01,2024-10-31,2917.81,0.0,2025-07-09 11:11:54
348,Finance,Equipment,2024-10-01,2024-10-31,1902.56,0.0,2025-07-09 11:11:54
349,Finance,Training,2024-10-01,2024-10-31,1825.07,0.0,2025-07-09 11:11:54
350,Finance,Personnel,2024-10-01,2024-10-31,24116.61,0.0,2025-07-09 11:11:54
351,Operations,Utilities,2024-10-01,2024-10-31,5187.95,0.0,2025-07-09 11:11:54
352,Operations,Office Supplies,2024-10-01,2024-10-31,3610.18,0.0,2025-07-09 11:11:54
353,Operations,Equipment,2024-10-01,2024-10-31,5947.04,0.0,2025-07-09 11:11:54
354,Operations,Professional Services,2024-10-01,2024-10-31,2838.55,0.0,2025-07-09 11:11:54
355,Operations,Personnel,2024-10-01,2024-10-31,20396.14,0.0,2025-07-09 11:11:54
356,Operations,Other,2024-10-01,2024-10-31,2051.5,0.0,2025-07-09 11:11:54
357,Executive,Travel,2024-10-01,2024-10-31,8023.03,0.0,2025-07-09 11:11:54
358,Executive,Professional Services,2024-10-01,2024-10-31,10925.02,0.0,2025-07-09 11:11:54
359,Executive,Equipment,2024-10-01,2024-10-31,2809.8,0.0,2025-07-09 11:11:54
360,Executive,Other,2024-10-01,2024-10-31,4536.58,0.0,2025-07-09 11:11:54
361,Engineering,IT Infrastructure,2024-11-01,2024-11-30,14153.55,0.0,2025-07-09 11:11:54
362,Engineering,Equipment,2024-11-01,2024-11-30,8299.7,0.0,2025-07-09 11:11:54
363,Engineering,Training,2024-11-01,2024-11-30,4671.46,0.0,2025-07-09 11:11:54
364,Engineering,Personnel,2024-11-01,2024-11-30,41669.0,0.0,2025-07-09 11:11:54
365,Engineering,Other,2024-11-01,2024-11-30,1958.0,0.0,2025-07-09 11:11:54
366,Marketing,Marketing,2024-11-01,2024-11-30,25963.19,0.0,2025-07-09 11:11:54
367,Marketing,Travel,2024-11-01,2024-11-30,7951.71,0.0,2025-07-09 11:11:54
368,Marketing,Equipment,2024-11-01,2024-11-30,3166.51,0.0,2025-07-09 11:11:54
369,Marketing,Training,2024-11-01,2024-11-30,2736.84,0.0,2025-07-09 11:11:54
370,Marketing,Other,2024-11-01,2024-11-30,911.71,0.0,2025-07-09 11:11:54
371,Sales,Travel,2024-11-01,2024-11-30,12482.55,0.0,2025-07-09 11:11:54
372,Sales,Marketing,2024-11-01,2024-11-30,5456.08,0.0,2025-07-09 11:11:54
373,Sales,Equipment,2024-11-01,2024-11-30,4378.62,0.0,2025-07-09 11:11:54
374,Sales,Training,2024-11-01,2024-11-30,3786.73,0.0,2025-07-09 11:11:54
375,Sales,Personnel,2024-11-01,2024-11-30,38382.0,0.0,2025-07-09 11:11:54
376,Sales,Other,2024-11-01,2024-11-30,2186.54,0.0,2025-07-09 11:11:54
377,HR,Personnel,2024-11-01,2024-11-30,19884.69,0.0,2025-07-09 11:11:54
378,HR,Training,2024-11-01,2024-11-30,5859.95,0.0,2025-07-09 11:11:54
379,HR,Professional Services,2024-11-01,2024-11-30,3610.6,0.0,2025-07-09 11:11:54
380,HR,Office Supplies,2024-11-01,2024-11-30,1935.34,0.0,2025-07-09 11:11:54
381,HR,Other,2024-11-01,2024-11-30,1010.99,0.0,2025-07-09 11:11:54
382,Finance,Professional Services,2024-11-01,2024-11-30,8659.31,0.0,2025-07-09 11:11:54
383,Finance,IT Infrastructure,2024-11-01,2024-11-30,3123.74,0.0,2025-07-09 11:11:54
384,Finance,Equipment,2024-11-01,2024-11-30,1912.39,0.0,2025-07-09 11:11:54
385,Finance,Training,2024-11-01,2024-11-30,1910.2,0.0,2025-07-09 11:11:54
386,Finance,Personnel,2024-11-01,2024-11-30,22917.23,0.0,2025-07-09 11:11:54
387,Operations,Utilities,2024-11-01,2024-11-30,5333.74,0.0,2025-07-09 11:11:54
388,Operations,Office Supplies,2024-11-01,2024-11-30,4195.61,0.0,2025-07-09 11:11:54
389,Operations,Equipment,2024-11-01,2024-11-30,5431.07,0.0,2025-07-09 11:11:54
390,Operations,Professional Services,2024-11-01,2024-11-30,3156.51,0.0,2025-07-09 11:11:54
391,Operations,Personnel,2024-11-01,2024-11-30,21712.7,0.0,2025-07-09 11:11:54
392,Operations,Other,2024-11-01,2024-11-30,2165.32,0.0,2025-07-09 11:11:54
393,Executive,Travel,2024-11-01,2024-11-30,7721.2,0.0,2025-07-09 11:11:54
394,Executive,Professional Services,2024-11-01,2024-11-30,9425.85,0.0,2025-07-09 11:11:54
395,Executive,Equipment,2024-11-01,2024-11-30,2966.98,0.0,2025-07-09 11:11:54
396,Executive,Other,2024-11-01,2024-11-30,4891.29,0.0,2025-07-09 11:11:54
397,Engineering,IT Infrastructure,2024-12-01,2024-12-31,14417.38,0.0,2025-07-09 11:11:54
398,Engineering,Equipment,2024-12-01,2024-12-31,7352.69,0.0,2025-07-09 11:11:54
399,Engineering,Training,2024-12-01,2024-12-31,5264.77,0.0,2025-07-09 11:11:54
400,Engineering,Personnel,2024-12-01,2024-12-31,43304.18,0.0,2025-07-09 11:11:54
401,Engineering,Other,2024-12-01,2024-12-31,1969.17,0.0,2025-07-09 11:11:54
402,Marketing,Marketing,2024-12-01,2024-12-31,25338.67,0.0,2025-07-09 11:11:54
403,Marketing,Travel,2024-12-01,2024-12-31,7432.87,0.0,2025-07-09 11:11:54
404,Marketing,Equipment,2024-12-01,2024-12-31,3190.5,0.0,2025-07-09 11:11:54
405,Marketing,Training,2024-12-01,2024-12-31,3012.96,0.0,2025-07-09 11:11:54
406,Marketing,Other,2024-12-01,2024-12-31,1009.52,0.0,2025-07-09 11:11:54
407,Sales,Travel,2024-12-01,2024-12-31,11955.31,0.0,2025-07-09 11:11:54
408,Sales,Marketing,2024-12-01,2024-12-31,4693.83,0.0,2025-07-09 11:11:54
409,Sales,Equipment,2024-12-01,2024-12-31,3942.21,0.0,2025-07-09 11:11:54
410,Sales,Training,2024-12-01,2024-12-31,4073.36,0.0,2025-07-09 11:11:54
411,Sales,Personnel,2024-12-01,2024-12-31,34152.46,0.0,2025-07-09 11:11:54
412,Sales,Other,2024-12-01,2024-12-31,2097.07,0.0,2025-07-09 11:11:54
413,HR,Personnel,2024-12-01,2024-12-31,19674.63,0.0,2025-07-09 11:11:54
414,HR,Training,2024-12-01,2024-12-31,5664.17,0.0,2025-07-09 11:11:54
415,HR,Professional Services,2024-12-01,2024-12-31,3700.53,0.0,2025-07-09 11:11:54
416,HR,Office Supplies,2024-12-01,2024-12-31,1833.84,0.0,2025-07-09 11:11:54
417,HR,Other,2024-12-01,2024-12-31,1015.19,0.0,2025-07-09 11:11:54
418,Finance,Professional Services,2024-12-01,2024-12-31,8781.48,0.0,2025-07-09 11:11:54
419,Finance,IT Infrastructure,2024-12-01,2024-12-31,3103.04,0.0,2025-07-09 11:11:54
420,Finance,Equipment,2024-12-01,2024-12-31,1985.17,0.0,2025-07-09 11:11:54
421,Finance,Training,2024-12-01,2024-12-31,1913.92,0.0,2025-07-09 11:11:54
422,Finance,Personnel,2024-12-01,2024-12-31,23525.74,0.0,2025-07-09 11:11:54
423,Operations,Utilities,2024-12-01,2024-12-31,5442.23,0.0,2025-07-09 11:11:54
424,Operations,Office Supplies,2024-12-01,2024-12-31,4206.57,0.0,2025-07-09 11:11:54
425,Operations,Equipment,2024-12-01,2024-12-31,5887.17,0.0,2025-07-09 11:11:54
426,Operations,Professional Services,2024-12-01,2024-12-31,2944.22,0.0,2025-07-09 11:11:54
427,Operations,Personnel,2024-12-01,2024-12-31,20186.31,0.0,2025-07-09 11:11:54
428,Operations,Other,2024-12-01,2024-12-31,2048.82,0.0,2025-07-09 11:11:54
429,Executive,Travel,2024-12-01,2024-12-31,7918.18,0.0,2025-07-09 11:11:54
430,Executive,Professional Services,2024-12-01,2024-12-31,10295.48,0.0,2025-07-09 11:11:54
431,Executive,Equipment,2024-12-01,2024-12-31,2790.51,0.0,2025-07-09 11:11:54
432,Executive,Other,2024-12-01,2024-12-31,4551.3,0.0,2025-07-09 11:11:54
